{
  "batch_0": {
    "vehicle_count": {
      "dominant_freq_hz": 52.99748340529605,
      "spectrum": [
        1447.4278513483887,
        1360.642225710278,
        1827.7658144136722,
        1310.18122244266,
        908.3020835528259,
        1203.8175573212718,
        1121.7882217105075,
        753.7650089753835,
        1270.4131831134307,
        1102.4240779242546
      ],
      "mean": 10.01775,
      "std_dev": 6.071470574539582,
      "min": 0.0,
      "max": 20.0
    },
    "avg_speed": {
      "dominant_freq_hz": 20059.547468904555,
      "spectrum": [
        500.57233332307914,
        425.6580722349512,
        559.0348564461416,
        367.7019346338952,
        325.7085592116464,
        327.32899481168306,
        540.5908493713582,
        489.5529111869628,
        370.2277268186499,
        848.9799372347028
      ],
      "mean": 60.051055,
      "std_dev": 34.640583275790476,
      "min": 0.0,
      "max": 120.0
    },
    "occupancy": {
      "dominant_freq_hz": 8927.131649158757,
      "spectrum": [
        597.707218114396,
        482.5595204411727,
        619.8457044893887,
        512.6855800518655,
        622.0465060967626,
        452.6935467675451,
        215.96503779187736,
        529.4211837548877,
        702.3873269477832,
        266.4371003464002
      ],
      "mean": 49.954420999999996,
      "std_dev": 28.826684655970396,
      "min": 0.0,
      "max": 100.0
    }
  }
}