{
  "batch_0": {
    "vehicle_count": {
      "dominant_freq_hz": 8732.954467256715,
      "spectrum": [
        837.3932452972987,
        183.92208568071175,
        504.57662045664773,
        540.2586468724304,
        1265.1349935049527,
        120.87250144934124,
        444.92360222547904,
        272.70851242354445,
        136.83099485515356,
        539.12750649619
      ],
      "mean": 9.98678,
      "std_dev": 6.052611439007133,
      "min": 0.0,
      "max": 20.0
    },
    "avg_speed": {
      "dominant_freq_hz": 17.926009854102052,
      "spectrum": [
        1834.7755716947363,
        1259.485824939444,
        1554.4803228650192,
        1340.8362236954579,
        1745.4905744310954,
        1854.6506974047154,
        1591.6786716802376,
        1142.4362025941025,
        1805.779656946221,
        1611.6982444932562
      ],
      "mean": 60.092963000000005,
      "std_dev": 34.696650829447954,
      "min": 0.0,
      "max": 120.0
    },
    "occupancy": {
      "dominant_freq_hz": 959.0415271944597,
      "spectrum": [
        201.4244933003813,
        479.76975347540855,
        746.4984657841187,
        209.6302172821562,
        286.3965606569224,
        748.2857217813356,
        111.63318127860298,
        666.1457790834477,
        475.08600386078734,
        489.00639262951694
      ],
      "mean": 49.83548500000001,
      "std_dev": 28.84124154253376,
      "min": 0.0,
      "max": 100.0
    }
  }
}