{
  "batch_0": {
    "vehicle_count": {
      "dominant_freq_hz": 155.51278825586,
      "spectrum": [
        908.4941351293236,
        943.0179514585697,
        535.9655410118372,
        805.5535696126768,
        1088.517313900399,
        871.6785971691218,
        113.16511588799825,
        443.77334628682365,
        758.227320486088,
        973.8271717486562
      ],
      "mean": 9.97656,
      "std_dev": 6.056706247326181,
      "min": 0.0,
      "max": 20.0
    },
    "avg_speed": {
      "dominant_freq_hz": 17085.867283280615,
      "spectrum": [
        463.1330455111714,
        586.0167141309707,
        581.1868803637999,
        444.990996522885,
        330.78798750070786,
        518.3532477195756,
        368.07237950087057,
        244.79024473997887,
        190.52563947647948,
        507.4125038318209
      ],
      "mean": 59.841336000000005,
      "std_dev": 34.69248872212981,
      "min": 0.0,
      "max": 120.0
    },
    "occupancy": {
      "dominant_freq_hz": 108.56553142390226,
      "spectrum": [
        966.7635190958722,
        1088.4188686646603,
        1013.4118187397089,
        658.7912139820611,
        541.0381050782919,
        1021.0544752791876,
        1008.2158822640381,
        700.4353696479578,
        1081.6710661300792,
        762.1931082487819
      ],
      "mean": 50.10020900000001,
      "std_dev": 28.84658453363793,
      "min": 0.0,
      "max": 100.0
    }
  }
}