{
  "batch_0": {
    "vehicle_count": {
      "dominant_freq_hz": 168.58559362356996,
      "spectrum": [
        660.8585867899998,
        566.7890078380224,
        394.80797579580536,
        525.1744786849457,
        451.56650001678634,
        319.2946454538432,
        693.3231011697125,
        497.8928478564749,
        559.2559703010945,
        414.4502350291731
      ],
      "mean": 9.96979,
      "std_dev": 6.050692303852511,
      "min": 0.0,
      "max": 20.0
    },
    "avg_speed": {
      "dominant_freq_hz": 12.041828115969283,
      "spectrum": [
        1329.319603370815,
        1571.9450141196342,
        1460.3324514374724,
        2008.6935467807552,
        1145.4855664763506,
        1235.8143607069876,
        1538.0251275862777,
        1488.4963140314333,
        1536.8754537809434,
        1041.907027243285
      ],
      "mean": 60.000143,
      "std_dev": 34.63692225183339,
      "min": 0.0,
      "max": 120.0
    },
    "occupancy": {
      "dominant_freq_hz": 72.2509686958157,
      "spectrum": [
        1220.7092218752475,
        1720.9097430605623,
        1369.0264901689334,
        1441.3740109123387,
        1288.9674365058095,
        1788.2695535410999,
        1219.8655322989503,
        1448.7711994893737,
        1564.242786013525,
        1636.1181366665778
      ],
      "mean": 49.973310999999995,
      "std_dev": 28.806539764388205,
      "min": 0.0,
      "max": 100.0
    }
  }
}