{
  "batch_0": {
    "vehicle_count": {
      "dominant_freq_hz": 15.038749276471243,
      "spectrum": [
        451.6209214369181,
        240.45128663235718,
        778.5534337230534,
        738.1882280120853,
        1426.7541899549642,
        1028.7012231667604,
        804.3410185889512,
        1314.4749255733934,
        782.4647553791337,
        157.8689284320868
      ],
      "mean": 9.99909,
      "std_dev": 6.049425524122104,
      "min": 0.0,
      "max": 20.0
    },
    "avg_speed": {
      "dominant_freq_hz": 270.69748697648237,
      "spectrum": [
        494.1903856545789,
        479.3795927353513,
        189.9837405958621,
        857.7241270004558,
        333.4795250841891,
        704.4430568860197,
        659.8382751814253,
        747.2914510750722,
        413.07604348712704,
        996.0415881989492
      ],
      "mean": 60.108728,
      "std_dev": 34.63618008415501,
      "min": 0.0,
      "max": 120.0
    },
    "occupancy": {
      "dominant_freq_hz": 13417.572104467643,
      "spectrum": [
        487.3254257262802,
        965.0185000040524,
        869.1143982107978,
        695.299603433507,
        277.0375695787199,
        1103.2434581806617,
        744.9669959267059,
        515.8884851004985,
        784.7569102484191,
        1053.0751191232512
      ],
      "mean": 49.959061000000005,
      "std_dev": 28.827882154231848,
      "min": 0.0,
      "max": 100.0
    }
  }
}