{
  "batch_0": {
    "vehicle_count": {
      "dominant_freq_hz": 19.300481396374042,
      "spectrum": [
        2174.4064047747183,
        2200.4361084489383,
        2749.358247264737,
        1271.1106761763874,
        2548.657073147846,
        2021.0214622760952,
        2981.4706153476404,
        1786.218344296246,
        2399.572848814767,
        1976.7618257098206
      ]
    },
    "avg_speed": {
      "dominant_freq_hz": 30.32932790858778,
      "spectrum": [
        1536.2490973487165,
        1460.7595110250031,
        1584.5401537585806,
        910.2398121659398,
        2023.6984303379431,
        1650.8591688237088,
        2084.145103092676,
        1123.7078369321207,
        1950.2049086446818,
        1129.0046167699113
      ]
    },
    "occupancy": {
      "dominant_freq_hz": 57.901444189122124,
      "spectrum": [
        1120.609379659839,
        847.8878320195515,
        1101.67580101872,
        926.2499874200013,
        1115.9605580517016,
        1182.1161167268965,
        849.4429957971104,
        600.874442078054,
        1248.5997889903842,
        584.5152235178508
      ]
    }
  }
}