{
  "batch_0": {
    "vehicle_count": {
      "dominant_freq_hz": 91.1874809760689,
      "spectrum": [
        451.08465745824583,
        341.40657852565494,
        335.0641963746184,
        502.91074007701314,
        1268.9567799319366,
        276.49880605574106,
        685.4135341620729,
        744.3108039735919,
        489.2165466171146,
        787.1084942064707
      ]
    },
    "avg_speed": {
      "dominant_freq_hz": 26.81984734590262,
      "spectrum": [
        506.1570755410971,
        901.2802171500252,
        612.2347905832878,
        1618.812525455499,
        820.0563100228995,
        1617.9685940091529,
        1024.8005530780365,
        1323.5386125526652,
        1123.3637569157947,
        1629.3069739539626
      ]
    },
    "occupancy": {
      "dominant_freq_hz": 2196.5454976294245,
      "spectrum": [
        492.7821071371713,
        246.0889479912064,
        564.6914158902886,
        703.6403185645413,
        504.2839920997854,
        242.74855808757786,
        219.69309088215817,
        110.81583633876471,
        264.49094809162756,
        625.8675975515541
      ]
    }
  }
}