{
  "batch_0": {
    "vehicle_count": {
      "dominant_freq_hz": 55.76374953828931,
      "spectrum": [
        437.58517906613196,
        245.8822899032887,
        571.4449686219594,
        884.269956461279,
        1014.1437511572768,
        920.0607141156127,
        393.577742668409,
        970.0001729222901,
        931.511393568207,
        1002.4188758996091
      ]
    },
    "avg_speed": {
      "dominant_freq_hz": 103.16293664583522,
      "spectrum": [
        309.9103599373934,
        1471.2249936365934,
        246.6270222954043,
        787.2091442281985,
        332.8583608408704,
        916.7123803741966,
        320.3672816801268,
        631.248778928751,
        765.7354070659959,
        1386.5967068625946
      ]
    },
    "occupancy": {
      "dominant_freq_hz": 86.43381178434844,
      "spectrum": [
        416.60700038992013,
        838.1860938529271,
        338.9891255199272,
        732.4583014603364,
        422.3548658271525,
        748.6864395463797,
        466.5929320787672,
        498.3431242439324,
        638.257523956735,
        1089.6928592263464
      ]
    }
  }
}