{
  "batch_0": {
    "vehicle_count": {
      "dominant_freq_hz": 69.78289885006832,
      "spectrum": [
        1178.9959389241506,
        1392.7242993145967,
        1617.0277277713217,
        1582.6724397578275,
        1248.6170713502725,
        1589.5273035689468,
        855.1134256654053,
        908.0731051398924,
        926.5908056921944,
        1302.0772938495122
      ]
    },
    "avg_speed": {
      "dominant_freq_hz": 25.121843586024596,
      "spectrum": [
        3050.105104755585,
        1879.3186216685615,
        3457.610713907395,
        1492.3083843252402,
        3113.383700724345,
        1938.838552482499,
        3202.246632126139,
        2227.8437220811925,
        3745.859380250566,
        1767.3525341914037
      ]
    },
    "occupancy": {
      "dominant_freq_hz": 8.373947862008198,
      "spectrum": [
        2151.9691089756066,
        2279.0370422351148,
        2531.794417791989,
        2410.0852654013393,
        1528.0703423799814,
        2305.980951840094,
        2047.328583781919,
        1980.3899349940045,
        1918.4172684638922,
        2163.5119775012354
      ]
    }
  }
}