{
  "batch_0": {
    "vehicle_count": {
      "dominant_freq_hz": 153.82929671375214,
      "spectrum": [
        369.5952370889504,
        436.37596211738924,
        1286.0105979647903,
        322.6791760351435,
        812.3131911208795,
        750.4575396234688,
        664.8638466353199,
        622.3108755814403,
        773.3806103823885,
        605.8013556836376
      ]
    },
    "avg_speed": {
      "dominant_freq_hz": 30.765859342750428,
      "spectrum": [
        1416.642714525244,
        1241.7657896591859,
        1417.9954127230271,
        537.271304956905,
        1437.2383504788015,
        883.6856028966286,
        931.2596113245846,
        893.7201663682894,
        1266.6959410454551,
        460.9693520699469
      ]
    },
    "occupancy": {
      "dominant_freq_hz": 24260.278539910654,
      "spectrum": [
        1142.284600618891,
        788.6877212059035,
        1275.2891067944543,
        1103.0209105788167,
        1186.4637602425298,
        1408.4373691946587,
        572.0234605376355,
        830.978306452786,
        1175.4390206060539,
        447.09300715459295
      ]
    }
  }
}